date,year,month,state,count
2017-01,2017,01,AL,31
2017-01,2017,01,AR,9
2017-01,2017,01,AZ,305
2017-01,2017,01,CA,14565
2017-01,2017,01,CO,178
2017-01,2017,01,CT,539
2017-01,2017,01,DC,79
2017-01,2017,01,DE,26
2017-01,2017,01,FL,5520
2017-01,2017,01,GA,1941
2017-01,2017,01,IA,314
2017-01,2017,01,ID,78
2017-01,2017,01,IL,2392
2017-01,2017,01,IN,216
2017-01,2017,01,KS,128
2017-01,2017,01,KY,53
2017-01,2017,01,LA,127
2017-01,2017,01,MA,927
2017-01,2017,01,MD,1259
2017-01,2017,01,ME,37
2017-01,2017,01,MI,2724
2017-01,2017,01,MN,491
2017-01,2017,01,MO,627
2017-01,2017,01,MS,78
2017-01,2017,01,MT,28
2017-01,2017,01,NC,949
2017-01,2017,01,NE,551
2017-01,2017,01,NH,105
2017-01,2017,01,NJ,1097
2017-01,2017,01,NM,16
2017-01,2017,01,NV,193
2017-01,2017,01,NY,2903
2017-01,2017,01,OH,1525
2017-01,2017,01,OK,71
2017-01,2017,01,OR,120
2017-01,2017,01,PA,3021
2017-01,2017,01,RI,179
2017-01,2017,01,SC,500
2017-01,2017,01,SD,2
2017-01,2017,01,TN,221
2017-01,2017,01,TX,8699
2017-01,2017,01,UT,159
2017-01,2017,01,VA,1106
2017-01,2017,01,VT,3
2017-01,2017,01,WA,1240
2017-01,2017,01,WI,255
2017-01,2017,01,WV,53
2017-01,2017,01,WY,13
2017-02,2017,02,AL,13
2017-02,2017,02,AR,17
2017-02,2017,02,AZ,293
2017-02,2017,02,CA,14399
2017-02,2017,02,CO,133
2017-02,2017,02,CT,533
2017-02,2017,02,DC,78
2017-02,2017,02,DE,29
2017-02,2017,02,FL,4933
2017-02,2017,02,GA,1780
2017-02,2017,02,IA,313
2017-02,2017,02,ID,56
2017-02,2017,02,IL,2378
2017-02,2017,02,IN,198
2017-02,2017,02,KS,89
2017-02,2017,02,KY,58
2017-02,2017,02,LA,120
2017-02,2017,02,MA,953
2017-02,2017,02,MD,1102
2017-02,2017,02,ME,61
2017-02,2017,02,MI,2101
2017-02,2017,02,MN,224
2017-02,2017,02,MO,521
2017-02,2017,02,MS,65
2017-02,2017,02,MT,18
2017-02,2017,02,NC,1008
2017-02,2017,02,NE,536
2017-02,2017,02,NH,170
2017-02,2017,02,NJ,1144
2017-02,2017,02,NM,16
2017-02,2017,02,NV,143
2017-02,2017,02,NY,2851
2017-02,2017,02,OH,1186
2017-02,2017,02,OK,87
2017-02,2017,02,OR,130
2017-02,2017,02,PA,2998
2017-02,2017,02,RI,207
2017-02,2017,02,SC,520
2017-02,2017,02,SD,2
2017-02,2017,02,TN,199
2017-02,2017,02,TX,7188
2017-02,2017,02,UT,94
2017-02,2017,02,VA,922
2017-02,2017,02,VT,13
2017-02,2017,02,WA,1428
2017-02,2017,02,WI,227
2017-02,2017,02,WV,62
2017-02,2017,02,WY,22
2017-03,2017,03,AL,25
2017-03,2017,03,AR,15
2017-03,2017,03,AZ,399
2017-03,2017,03,CA,14675
2017-03,2017,03,CO,138
2017-03,2017,03,CT,596
2017-03,2017,03,DC,62
2017-03,2017,03,DE,20
2017-03,2017,03,FL,6608
2017-03,2017,03,GA,1952
2017-03,2017,03,IA,231
2017-03,2017,03,ID,37
2017-03,2017,03,IL,2526
2017-03,2017,03,IN,193
2017-03,2017,03,KS,141
2017-03,2017,03,KY,100
2017-03,2017,03,LA,160
2017-03,2017,03,MA,724
2017-03,2017,03,MD,1284
2017-03,2017,03,ME,44
2017-03,2017,03,MI,2779
2017-03,2017,03,MN,248
2017-03,2017,03,MO,634
2017-03,2017,03,MS,91
2017-03,2017,03,MT,8
2017-03,2017,03,NC,1406
2017-03,2017,03,NE,492
2017-03,2017,03,NH,101
2017-03,2017,03,NJ,1386
2017-03,2017,03,NM,20
2017-03,2017,03,NV,113
2017-03,2017,03,NY,3011
2017-03,2017,03,OH,1105
2017-03,2017,03,OK,68
2017-03,2017,03,OR,149
2017-03,2017,03,PA,3135
2017-03,2017,03,RI,173
2017-03,2017,03,SC,562
2017-03,2017,03,TN,275
2017-03,2017,03,TX,8610
2017-03,2017,03,UT,100
2017-03,2017,03,VA,1165
2017-03,2017,03,VT,15
2017-03,2017,03,WA,1352
2017-03,2017,03,WI,242
2017-03,2017,03,WV,72
2017-03,2017,03,WY,10
2017-04,2017,04,AL,26
2017-04,2017,04,AR,16
2017-04,2017,04,AZ,266
2017-04,2017,04,CA,14568
2017-04,2017,04,CO,170
2017-04,2017,04,CT,436
2017-04,2017,04,DC,53
2017-04,2017,04,DE,25
2017-04,2017,04,FL,4349
2017-04,2017,04,GA,1479
2017-04,2017,04,IA,256
2017-04,2017,04,ID,24
2017-04,2017,04,IL,2337
2017-04,2017,04,IN,169
2017-04,2017,04,KS,118
2017-04,2017,04,KY,56
2017-04,2017,04,LA,127
2017-04,2017,04,MA,502
2017-04,2017,04,MD,997
2017-04,2017,04,ME,36
2017-04,2017,04,MI,2041
2017-04,2017,04,MN,295
2017-04,2017,04,MO,526
2017-04,2017,04,MS,78
2017-04,2017,04,MT,3
2017-04,2017,04,NC,904
2017-04,2017,04,NE,510
2017-04,2017,04,NH,91
2017-04,2017,04,NJ,1014
2017-04,2017,04,NM,29
2017-04,2017,04,NV,86
2017-04,2017,04,NY,2286
2017-04,2017,04,OH,798
2017-04,2017,04,OK,98
2017-04,2017,04,OR,124
2017-04,2017,04,PA,2451
2017-04,2017,04,RI,175
2017-04,2017,04,SC,463
2017-04,2017,04,TN,266
2017-04,2017,04,TX,7483
2017-04,2017,04,UT,65
2017-04,2017,04,VA,915
2017-04,2017,04,VT,3
2017-04,2017,04,WA,1095
2017-04,2017,04,WI,191
2017-04,2017,04,WV,51
2017-04,2017,04,WY,4
2017-05,2017,05,AL,72
2017-05,2017,05,AR,4
2017-05,2017,05,AZ,438
2017-05,2017,05,CA,11392
2017-05,2017,05,CO,218
2017-05,2017,05,CT,426
2017-05,2017,05,DC,45
2017-05,2017,05,DE,50
2017-05,2017,05,FL,3897
2017-05,2017,05,GA,1521
2017-05,2017,05,IA,169
2017-05,2017,05,ID,33
2017-05,2017,05,IL,1987
2017-05,2017,05,IN,226
2017-05,2017,05,KS,110
2017-05,2017,05,KY,49
2017-05,2017,05,LA,28
2017-05,2017,05,MA,408
2017-05,2017,05,MD,861
2017-05,2017,05,ME,47
2017-05,2017,05,MI,1824
2017-05,2017,05,MN,307
2017-05,2017,05,MO,458
2017-05,2017,05,MS,17
2017-05,2017,05,MT,7
2017-05,2017,05,NC,807
2017-05,2017,05,NE,407
2017-05,2017,05,NH,88
2017-05,2017,05,NJ,1036
2017-05,2017,05,NM,40
2017-05,2017,05,NV,171
2017-05,2017,05,NY,2032
2017-05,2017,05,OH,820
2017-05,2017,05,OK,84
2017-05,2017,05,OR,147
2017-05,2017,05,PA,1930
2017-05,2017,05,RI,187
2017-05,2017,05,SC,385
2017-05,2017,05,TN,230
2017-05,2017,05,TX,5678
2017-05,2017,05,UT,138
2017-05,2017,05,VA,922
2017-05,2017,05,VT,5
2017-05,2017,05,WA,1098
2017-05,2017,05,WI,244
2017-05,2017,05,WV,38
2017-05,2017,05,WY,2
2017-06,2017,06,AL,69
2017-06,2017,06,AZ,316
2017-06,2017,06,CA,12595
2017-06,2017,06,CO,207
2017-06,2017,06,CT,569
2017-06,2017,06,DC,39
2017-06,2017,06,DE,41
2017-06,2017,06,FL,4063
2017-06,2017,06,GA,1599
2017-06,2017,06,IA,219
2017-06,2017,06,ID,24
2017-06,2017,06,IL,2339
2017-06,2017,06,IN,172
2017-06,2017,06,KS,87
2017-06,2017,06,KY,61
2017-06,2017,06,MA,574
2017-06,2017,06,MD,1065
2017-06,2017,06,ME,48
2017-06,2017,06,MI,2293
2017-06,2017,06,MN,335
2017-06,2017,06,MO,465
2017-06,2017,06,MT,3
2017-06,2017,06,NC,858
2017-06,2017,06,NE,515
2017-06,2017,06,NH,100
2017-06,2017,06,NJ,1144
2017-06,2017,06,NM,50
2017-06,2017,06,NV,193
2017-06,2017,06,NY,2753
2017-06,2017,06,OH,918
2017-06,2017,06,OK,79
2017-06,2017,06,OR,106
2017-06,2017,06,PA,2353
2017-06,2017,06,RI,241
2017-06,2017,06,SC,458
2017-06,2017,06,TN,208
2017-06,2017,06,TX,6336
2017-06,2017,06,UT,173
2017-06,2017,06,VA,940
2017-06,2017,06,VT,6
2017-06,2017,06,WA,1238
2017-06,2017,06,WI,239
2017-06,2017,06,WV,85
2017-06,2017,06,WY,6
2017-07,2017,07,AL,138
2017-07,2017,07,AR,2
2017-07,2017,07,AZ,518
2017-07,2017,07,CA,11003
2017-07,2017,07,CO,253
2017-07,2017,07,CT,519
2017-07,2017,07,DC,41
2017-07,2017,07,DE,48
2017-07,2017,07,FL,3251
2017-07,2017,07,GA,1612
2017-07,2017,07,IA,261
2017-07,2017,07,ID,39
2017-07,2017,07,IL,1730
2017-07,2017,07,IN,333
2017-07,2017,07,KS,131
2017-07,2017,07,KY,142
2017-07,2017,07,LA,323
2017-07,2017,07,MA,544
2017-07,2017,07,MD,1010
2017-07,2017,07,ME,62
2017-07,2017,07,MI,1953
2017-07,2017,07,MN,538
2017-07,2017,07,MO,439
2017-07,2017,07,MS,8
2017-07,2017,07,MT,15
2017-07,2017,07,NC,1268
2017-07,2017,07,NE,410
2017-07,2017,07,NH,112
2017-07,2017,07,NJ,946
2017-07,2017,07,NM,58
2017-07,2017,07,NV,170
2017-07,2017,07,NY,2353
2017-07,2017,07,OH,712
2017-07,2017,07,OK,267
2017-07,2017,07,OR,243
2017-07,2017,07,PA,1363
2017-07,2017,07,RI,166
2017-07,2017,07,SC,738
2017-07,2017,07,TN,454
2017-07,2017,07,TX,5736
2017-07,2017,07,UT,231
2017-07,2017,07,VA,1153
2017-07,2017,07,VT,9
2017-07,2017,07,WA,1557
2017-07,2017,07,WI,229
2017-07,2017,07,WV,94
2017-07,2017,07,WY,9
2017-08,2017,08,AL,665
2017-08,2017,08,AR,16
2017-08,2017,08,AZ,2087
2017-08,2017,08,CA,12308
2017-08,2017,08,CO,1209
2017-08,2017,08,CT,613
2017-08,2017,08,DC,78
2017-08,2017,08,DE,117
2017-08,2017,08,FL,6626
2017-08,2017,08,GA,2050
2017-08,2017,08,IA,260
2017-08,2017,08,ID,33
2017-08,2017,08,IL,1822
2017-08,2017,08,IN,1347
2017-08,2017,08,KS,263
2017-08,2017,08,KY,549
2017-08,2017,08,LA,2829
2017-08,2017,08,MA,834
2017-08,2017,08,MD,1149
2017-08,2017,08,ME,72
2017-08,2017,08,MI,2453
2017-08,2017,08,MN,1626
2017-08,2017,08,MO,816
2017-08,2017,08,MS,152
2017-08,2017,08,MT,4
2017-08,2017,08,NC,5766
2017-08,2017,08,ND,2
2017-08,2017,08,NE,536
2017-08,2017,08,NH,288
2017-08,2017,08,NJ,1271
2017-08,2017,08,NM,168
2017-08,2017,08,NV,289
2017-08,2017,08,NY,4110
2017-08,2017,08,OH,1295
2017-08,2017,08,OK,1783
2017-08,2017,08,OR,833
2017-08,2017,08,PA,2106
2017-08,2017,08,RI,312
2017-08,2017,08,SC,5203
2017-08,2017,08,SD,2
2017-08,2017,08,TN,2656
2017-08,2017,08,TX,7800
2017-08,2017,08,UT,803
2017-08,2017,08,VA,3181
2017-08,2017,08,VT,19
2017-08,2017,08,WA,1656
2017-08,2017,08,WI,545
2017-08,2017,08,WV,48
2017-08,2017,08,WY,12
2017-09,2017,09,AL,522
2017-09,2017,09,AR,15
2017-09,2017,09,AZ,2298
2017-09,2017,09,CA,12461
2017-09,2017,09,CO,1179
2017-09,2017,09,CT,561
2017-09,2017,09,DC,77
2017-09,2017,09,DE,165
2017-09,2017,09,FL,4706
2017-09,2017,09,GA,1925
2017-09,2017,09,IA,212
2017-09,2017,09,ID,16
2017-09,2017,09,IL,1710
2017-09,2017,09,IN,1391
2017-09,2017,09,KS,163
2017-09,2017,09,KY,657
2017-09,2017,09,LA,2814
2017-09,2017,09,MA,862
2017-09,2017,09,MD,1142
2017-09,2017,09,ME,50
2017-09,2017,09,MI,2421
2017-09,2017,09,MN,1489
2017-09,2017,09,MO,676
2017-09,2017,09,MS,147
2017-09,2017,09,MT,6
2017-09,2017,09,NC,5583
2017-09,2017,09,ND,1
2017-09,2017,09,NE,507
2017-09,2017,09,NH,245
2017-09,2017,09,NJ,1142
2017-09,2017,09,NM,173
2017-09,2017,09,NV,304
2017-09,2017,09,NY,3729
2017-09,2017,09,OH,1471
2017-09,2017,09,OK,1959
2017-09,2017,09,OR,780
2017-09,2017,09,PA,2441
2017-09,2017,09,RI,301
2017-09,2017,09,SC,4665
2017-09,2017,09,SD,1
2017-09,2017,09,TN,2332
2017-09,2017,09,TX,7091
2017-09,2017,09,UT,908
2017-09,2017,09,VA,2944
2017-09,2017,09,VT,6
2017-09,2017,09,WA,1830
2017-09,2017,09,WI,523
2017-09,2017,09,WV,52
2017-09,2017,09,WY,9
2017-10,2017,10,AL,385
2017-10,2017,10,AR,16
2017-10,2017,10,AZ,1790
2017-10,2017,10,CA,11743
2017-10,2017,10,CO,1281
2017-10,2017,10,CT,666
2017-10,2017,10,DC,53
2017-10,2017,10,DE,118
2017-10,2017,10,FL,5423
2017-10,2017,10,GA,2201
2017-10,2017,10,IA,169
2017-10,2017,10,ID,11
2017-10,2017,10,IL,2247
2017-10,2017,10,IN,1032
2017-10,2017,10,KS,160
2017-10,2017,10,KY,638
2017-10,2017,10,LA,2473
2017-10,2017,10,MA,937
2017-10,2017,10,MD,576
2017-10,2017,10,ME,38
2017-10,2017,10,MI,2385
2017-10,2017,10,MN,1360
2017-10,2017,10,MO,752
2017-10,2017,10,MS,101
2017-10,2017,10,MT,9
2017-10,2017,10,NC,4970
2017-10,2017,10,NE,581
2017-10,2017,10,NH,231
2017-10,2017,10,NJ,1473
2017-10,2017,10,NM,204
2017-10,2017,10,NV,265
2017-10,2017,10,NY,3696
2017-10,2017,10,OH,1511
2017-10,2017,10,OK,1743
2017-10,2017,10,OR,1419
2017-10,2017,10,PA,1913
2017-10,2017,10,RI,303
2017-10,2017,10,SC,5224
2017-10,2017,10,TN,1215
2017-10,2017,10,TX,7279
2017-10,2017,10,UT,699
2017-10,2017,10,VA,2601
2017-10,2017,10,VT,19
2017-10,2017,10,WA,2275
2017-10,2017,10,WI,495
2017-10,2017,10,WV,52
2017-10,2017,10,WY,7
2017-11,2017,11,AL,334
2017-11,2017,11,AR,9
2017-11,2017,11,AZ,1873
2017-11,2017,11,CA,12059
2017-11,2017,11,CO,1068
2017-11,2017,11,CT,693
2017-11,2017,11,DC,53
2017-11,2017,11,DE,117
2017-11,2017,11,FL,5637
2017-11,2017,11,GA,2009
2017-11,2017,11,IA,310
2017-11,2017,11,ID,7
2017-11,2017,11,IL,2059
2017-11,2017,11,IN,577
2017-11,2017,11,KS,156
2017-11,2017,11,KY,328
2017-11,2017,11,LA,1726
2017-11,2017,11,MA,994
2017-11,2017,11,MD,715
2017-11,2017,11,ME,28
2017-11,2017,11,MI,1428
2017-11,2017,11,MN,1290
2017-11,2017,11,MO,699
2017-11,2017,11,MS,134
2017-11,2017,11,MT,15
2017-11,2017,11,NC,5726
2017-11,2017,11,NE,587
2017-11,2017,11,NH,236
2017-11,2017,11,NJ,1314
2017-11,2017,11,NM,179
2017-11,2017,11,NV,339
2017-11,2017,11,NY,3455
2017-11,2017,11,OH,955
2017-11,2017,11,OK,1630
2017-11,2017,11,OR,1220
2017-11,2017,11,PA,1424
2017-11,2017,11,RI,326
2017-11,2017,11,SC,5029
2017-11,2017,11,SD,2
2017-11,2017,11,TN,1233
2017-11,2017,11,TX,6617
2017-11,2017,11,UT,619
2017-11,2017,11,VA,2193
2017-11,2017,11,VT,20
2017-11,2017,11,WA,1971
2017-11,2017,11,WI,467
2017-11,2017,11,WV,52
2017-11,2017,11,WY,7
2017-12,2017,12,AL,624
2017-12,2017,12,AR,15
2017-12,2017,12,AZ,1745
2017-12,2017,12,CA,10855
2017-12,2017,12,CO,1058
2017-12,2017,12,CT,584
2017-12,2017,12,DC,105
2017-12,2017,12,DE,135
2017-12,2017,12,FL,5573
2017-12,2017,12,GA,1989
2017-12,2017,12,IA,302
2017-12,2017,12,ID,10
2017-12,2017,12,IL,1761
2017-12,2017,12,IN,1093
2017-12,2017,12,KS,188
2017-12,2017,12,KY,585
2017-12,2017,12,LA,1502
2017-12,2017,12,MA,786
2017-12,2017,12,MD,1141
2017-12,2017,12,ME,68
2017-12,2017,12,MI,3022
2017-12,2017,12,MN,2225
2017-12,2017,12,MO,760
2017-12,2017,12,MS,166
2017-12,2017,12,MT,17
2017-12,2017,12,NC,4846
2017-12,2017,12,ND,1
2017-12,2017,12,NE,571
2017-12,2017,12,NH,263
2017-12,2017,12,NJ,1102
2017-12,2017,12,NM,186
2017-12,2017,12,NV,237
2017-12,2017,12,NY,3699
2017-12,2017,12,OH,1355
2017-12,2017,12,OK,1892
2017-12,2017,12,OR,872
2017-12,2017,12,PA,1737
2017-12,2017,12,RI,288
2017-12,2017,12,SC,4282
2017-12,2017,12,SD,3
2017-12,2017,12,TN,1718
2017-12,2017,12,TX,7025
2017-12,2017,12,UT,641
2017-12,2017,12,VA,2156
2017-12,2017,12,VT,37
2017-12,2017,12,WA,1706
2017-12,2017,12,WI,443
2017-12,2017,12,WV,41
2017-12,2017,12,WY,11
2018-01,2018,01,AL,761
2018-01,2018,01,AR,23
2018-01,2018,01,AZ,2167
2018-01,2018,01,CA,12363
2018-01,2018,01,CO,1139
2018-01,2018,01,CT,595
2018-01,2018,01,DC,108
2018-01,2018,01,DE,97
2018-01,2018,01,FL,5127
2018-01,2018,01,GA,2021
2018-01,2018,01,IA,208
2018-01,2018,01,ID,8
2018-01,2018,01,IL,2306
2018-01,2018,01,IN,1650
2018-01,2018,01,KS,262
2018-01,2018,01,KY,684
2018-01,2018,01,LA,1517
2018-01,2018,01,MA,999
2018-01,2018,01,MD,1060
2018-01,2018,01,ME,54
2018-01,2018,01,MI,2772
2018-01,2018,01,MN,2246
2018-01,2018,01,MO,769
2018-01,2018,01,MS,198
2018-01,2018,01,MT,26
2018-01,2018,01,NC,5127
2018-01,2018,01,NE,612
2018-01,2018,01,NH,237
2018-01,2018,01,NJ,1266
2018-01,2018,01,NM,154
2018-01,2018,01,NV,156
2018-01,2018,01,NY,3379
2018-01,2018,01,OH,1489
2018-01,2018,01,OK,1782
2018-01,2018,01,OR,749
2018-01,2018,01,PA,1931
2018-01,2018,01,RI,293
2018-01,2018,01,SC,5100
2018-01,2018,01,SD,5
2018-01,2018,01,TN,1853
2018-01,2018,01,TX,6638
2018-01,2018,01,UT,623
2018-01,2018,01,VA,2146
2018-01,2018,01,VT,19
2018-01,2018,01,WA,1546
2018-01,2018,01,WI,509
2018-01,2018,01,WV,45
2018-01,2018,01,WY,13
2018-02,2018,02,AL,728
2018-02,2018,02,AR,57
2018-02,2018,02,AZ,1722
2018-02,2018,02,CA,11484
2018-02,2018,02,CO,1147
2018-02,2018,02,CT,528
2018-02,2018,02,DC,124
2018-02,2018,02,DE,134
2018-02,2018,02,FL,4919
2018-02,2018,02,GA,1945
2018-02,2018,02,IA,370
2018-02,2018,02,ID,30
2018-02,2018,02,IL,2132
2018-02,2018,02,IN,1206
2018-02,2018,02,KS,208
2018-02,2018,02,KY,730
2018-02,2018,02,LA,1461
2018-02,2018,02,MA,843
2018-02,2018,02,MD,1026
2018-02,2018,02,ME,31
2018-02,2018,02,MI,2436
2018-02,2018,02,MN,1865
2018-02,2018,02,MO,810
2018-02,2018,02,MS,236
2018-02,2018,02,MT,57
2018-02,2018,02,NC,5068
2018-02,2018,02,ND,1
2018-02,2018,02,NE,553
2018-02,2018,02,NH,262
2018-02,2018,02,NJ,1251
2018-02,2018,02,NM,197
2018-02,2018,02,NV,258
2018-02,2018,02,NY,2640
2018-02,2018,02,OH,1263
2018-02,2018,02,OK,1560
2018-02,2018,02,OR,796
2018-02,2018,02,PA,1548
2018-02,2018,02,RI,229
2018-02,2018,02,SC,5124
2018-02,2018,02,TN,1964
2018-02,2018,02,TX,7763
2018-02,2018,02,UT,946
2018-02,2018,02,VA,1783
2018-02,2018,02,VT,22
2018-02,2018,02,WA,1382
2018-02,2018,02,WI,430
2018-02,2018,02,WV,40
2018-02,2018,02,WY,13
2018-03,2018,03,AL,1103
2018-03,2018,03,AR,31
2018-03,2018,03,AZ,1634
2018-03,2018,03,CA,14820
2018-03,2018,03,CO,1086
2018-03,2018,03,CT,483
2018-03,2018,03,DC,86
2018-03,2018,03,DE,198
2018-03,2018,03,FL,5565
2018-03,2018,03,GA,2039
2018-03,2018,03,IA,193
2018-03,2018,03,ID,45
2018-03,2018,03,IL,1957
2018-03,2018,03,IN,1032
2018-03,2018,03,KS,226
2018-03,2018,03,KY,718
2018-03,2018,03,LA,1887
2018-03,2018,03,MA,618
2018-03,2018,03,MD,1141
2018-03,2018,03,ME,24
2018-03,2018,03,MI,2087
2018-03,2018,03,MN,1541
2018-03,2018,03,MO,849
2018-03,2018,03,MS,197
2018-03,2018,03,MT,4
2018-03,2018,03,NC,4320
2018-03,2018,03,NE,428
2018-03,2018,03,NH,185
2018-03,2018,03,NJ,1485
2018-03,2018,03,NM,192
2018-03,2018,03,NV,203
2018-03,2018,03,NY,3026
2018-03,2018,03,OH,1222
2018-03,2018,03,OK,1721
2018-03,2018,03,OR,803
2018-03,2018,03,PA,1878
2018-03,2018,03,RI,202
2018-03,2018,03,SC,5423
2018-03,2018,03,TN,1922
2018-03,2018,03,TX,7257
2018-03,2018,03,UT,597
2018-03,2018,03,VA,1868
2018-03,2018,03,VT,20
2018-03,2018,03,WA,1496
2018-03,2018,03,WI,375
2018-03,2018,03,WV,40
2018-03,2018,03,WY,16
2018-04,2018,04,AL,1049
2018-04,2018,04,AR,52
2018-04,2018,04,AZ,1705
2018-04,2018,04,CA,13765
2018-04,2018,04,CO,955
2018-04,2018,04,CT,555
2018-04,2018,04,DC,93
2018-04,2018,04,DE,118
2018-04,2018,04,FL,5490
2018-04,2018,04,GA,1903
2018-04,2018,04,IA,232
2018-04,2018,04,ID,31
2018-04,2018,04,IL,1565
2018-04,2018,04,IN,1099
2018-04,2018,04,KS,184
2018-04,2018,04,KY,622
2018-04,2018,04,LA,2098
2018-04,2018,04,MA,590
2018-04,2018,04,MD,897
2018-04,2018,04,ME,39
2018-04,2018,04,MI,2058
2018-04,2018,04,MN,1775
2018-04,2018,04,MO,741
2018-04,2018,04,MS,192
2018-04,2018,04,MT,13
2018-04,2018,04,NC,5365
2018-04,2018,04,NE,445
2018-04,2018,04,NH,137
2018-04,2018,04,NJ,1236
2018-04,2018,04,NM,154
2018-04,2018,04,NV,196
2018-04,2018,04,NY,2868
2018-04,2018,04,OH,1140
2018-04,2018,04,OK,1716
2018-04,2018,04,OR,609
2018-04,2018,04,PA,1769
2018-04,2018,04,RI,225
2018-04,2018,04,SC,5334
2018-04,2018,04,TN,2185
2018-04,2018,04,TX,7051
2018-04,2018,04,UT,632
2018-04,2018,04,VA,1574
2018-04,2018,04,VT,12
2018-04,2018,04,WA,1494
2018-04,2018,04,WI,384
2018-04,2018,04,WV,62
2018-04,2018,04,WY,13
2018-05,2018,05,AL,1112
2018-05,2018,05,AR,47
2018-05,2018,05,AZ,1937
2018-05,2018,05,CA,13591
2018-05,2018,05,CO,1229
2018-05,2018,05,CT,553
2018-05,2018,05,DC,95
2018-05,2018,05,DE,202
2018-05,2018,05,FL,5930
2018-05,2018,05,GA,1792
2018-05,2018,05,IA,211
2018-05,2018,05,ID,44
2018-05,2018,05,IL,1813
2018-05,2018,05,IN,1064
2018-05,2018,05,KS,182
2018-05,2018,05,KY,553
2018-05,2018,05,LA,2392
2018-05,2018,05,MA,897
2018-05,2018,05,MD,842
2018-05,2018,05,ME,29
2018-05,2018,05,MI,2381
2018-05,2018,05,MN,1350
2018-05,2018,05,MO,769
2018-05,2018,05,MS,204
2018-05,2018,05,MT,5
2018-05,2018,05,NC,5827
2018-05,2018,05,ND,13
2018-05,2018,05,NE,480
2018-05,2018,05,NH,183
2018-05,2018,05,NJ,1292
2018-05,2018,05,NM,217
2018-05,2018,05,NV,212
2018-05,2018,05,NY,2889
2018-05,2018,05,OH,1187
2018-05,2018,05,OK,2001
2018-05,2018,05,OR,647
2018-05,2018,05,PA,2058
2018-05,2018,05,RI,257
2018-05,2018,05,SC,5923
2018-05,2018,05,TN,2118
2018-05,2018,05,TX,7066
2018-05,2018,05,UT,704
2018-05,2018,05,VA,1777
2018-05,2018,05,VT,1
2018-05,2018,05,WA,1754
2018-05,2018,05,WI,411
2018-05,2018,05,WV,60
2018-05,2018,05,WY,7
2018-06,2018,06,AL,957
2018-06,2018,06,AR,29
2018-06,2018,06,AZ,1628
2018-06,2018,06,CA,12649
2018-06,2018,06,CO,1004
2018-06,2018,06,CT,566
2018-06,2018,06,DC,85
2018-06,2018,06,DE,140
2018-06,2018,06,FL,4884
2018-06,2018,06,GA,1922
2018-06,2018,06,IA,196
2018-06,2018,06,ID,31
2018-06,2018,06,IL,1760
2018-06,2018,06,IN,1104
2018-06,2018,06,KS,135
2018-06,2018,06,KY,642
2018-06,2018,06,LA,1579
2018-06,2018,06,MA,884
2018-06,2018,06,MD,793
2018-06,2018,06,ME,55
2018-06,2018,06,MI,1885
2018-06,2018,06,MN,1405
2018-06,2018,06,MO,593
2018-06,2018,06,MS,165
2018-06,2018,06,MT,4
2018-06,2018,06,NC,4221
2018-06,2018,06,NE,336
2018-06,2018,06,NH,240
2018-06,2018,06,NJ,1323
2018-06,2018,06,NM,160
2018-06,2018,06,NV,236
2018-06,2018,06,NY,3456
2018-06,2018,06,OH,1317
2018-06,2018,06,OK,1465
2018-06,2018,06,OR,707
2018-06,2018,06,PA,1823
2018-06,2018,06,RI,257
2018-06,2018,06,SC,3924
2018-06,2018,06,TN,1794
2018-06,2018,06,TX,6400
2018-06,2018,06,UT,643
2018-06,2018,06,VA,1741
2018-06,2018,06,VT,17
2018-06,2018,06,WA,2042
2018-06,2018,06,WI,403
2018-06,2018,06,WV,37
2018-06,2018,06,WY,14
2018-07,2018,07,AL,769
2018-07,2018,07,AR,18
2018-07,2018,07,AZ,1638
2018-07,2018,07,CA,14045
2018-07,2018,07,CO,866
2018-07,2018,07,CT,466
2018-07,2018,07,DC,57
2018-07,2018,07,DE,116
2018-07,2018,07,FL,4993
2018-07,2018,07,GA,1833
2018-07,2018,07,IA,137
2018-07,2018,07,ID,51
2018-07,2018,07,IL,1872
2018-07,2018,07,IN,1246
2018-07,2018,07,KS,137
2018-07,2018,07,KY,625
2018-07,2018,07,LA,1319
2018-07,2018,07,MA,511
2018-07,2018,07,MD,729
2018-07,2018,07,ME,94
2018-07,2018,07,MI,1626
2018-07,2018,07,MN,1360
2018-07,2018,07,MO,540
2018-07,2018,07,MS,172
2018-07,2018,07,MT,1
2018-07,2018,07,NC,3689
2018-07,2018,07,ND,2
2018-07,2018,07,NE,358
2018-07,2018,07,NH,167
2018-07,2018,07,NJ,1074
2018-07,2018,07,NM,93
2018-07,2018,07,NV,210
2018-07,2018,07,NY,2820
2018-07,2018,07,OH,1175
2018-07,2018,07,OK,1731
2018-07,2018,07,OR,631
2018-07,2018,07,PA,1831
2018-07,2018,07,RI,285
2018-07,2018,07,SC,4029
2018-07,2018,07,TN,1701
2018-07,2018,07,TX,5871
2018-07,2018,07,UT,558
2018-07,2018,07,VA,2038
2018-07,2018,07,VT,7
2018-07,2018,07,WA,1731
2018-07,2018,07,WI,298
2018-07,2018,07,WV,46
2018-07,2018,07,WY,10
2018-08,2018,08,AL,1166
2018-08,2018,08,AR,35
2018-08,2018,08,AZ,2398
2018-08,2018,08,CA,15332
2018-08,2018,08,CO,1249
2018-08,2018,08,CT,423
2018-08,2018,08,DC,47
2018-08,2018,08,DE,102
2018-08,2018,08,FL,6130
2018-08,2018,08,GA,2403
2018-08,2018,08,IA,174
2018-08,2018,08,ID,42
2018-08,2018,08,IL,1985
2018-08,2018,08,IN,1030
2018-08,2018,08,KS,194
2018-08,2018,08,KY,696
2018-08,2018,08,LA,1769
2018-08,2018,08,MA,752
2018-08,2018,08,MD,643
2018-08,2018,08,ME,103
2018-08,2018,08,MI,1808
2018-08,2018,08,MN,1673
2018-08,2018,08,MO,641
2018-08,2018,08,MS,211
2018-08,2018,08,MT,3
2018-08,2018,08,NC,4317
2018-08,2018,08,ND,1
2018-08,2018,08,NE,521
2018-08,2018,08,NH,193
2018-08,2018,08,NJ,914
2018-08,2018,08,NM,174
2018-08,2018,08,NV,262
2018-08,2018,08,NY,2684
2018-08,2018,08,OH,1061
2018-08,2018,08,OK,1914
2018-08,2018,08,OR,3216
2018-08,2018,08,PA,1676
2018-08,2018,08,RI,313
2018-08,2018,08,SC,4059
2018-08,2018,08,SD,1
2018-08,2018,08,TN,2223
2018-08,2018,08,TX,6948
2018-08,2018,08,UT,715
2018-08,2018,08,VA,1925
2018-08,2018,08,VT,8
2018-08,2018,08,WA,1704
2018-08,2018,08,WI,300
2018-08,2018,08,WV,14
2018-08,2018,08,WY,7
2018-09,2018,09,AL,1351
2018-09,2018,09,AR,67
2018-09,2018,09,AZ,1786
2018-09,2018,09,CA,14148
2018-09,2018,09,CO,1290
2018-09,2018,09,CT,526
2018-09,2018,09,DC,65
2018-09,2018,09,DE,44
2018-09,2018,09,FL,4863
2018-09,2018,09,GA,1841
2018-09,2018,09,IA,123
2018-09,2018,09,ID,39
2018-09,2018,09,IL,2168
2018-09,2018,09,IN,1421
2018-09,2018,09,KS,204
2018-09,2018,09,KY,713
2018-09,2018,09,LA,1654
2018-09,2018,09,MA,716
2018-09,2018,09,MD,738
2018-09,2018,09,ME,79
2018-09,2018,09,MI,1850
2018-09,2018,09,MN,1544
2018-09,2018,09,MO,629
2018-09,2018,09,MS,243
2018-09,2018,09,MT,5
2018-09,2018,09,NC,4050
2018-09,2018,09,ND,1
2018-09,2018,09,NE,514
2018-09,2018,09,NH,178
2018-09,2018,09,NJ,1167
2018-09,2018,09,NM,195
2018-09,2018,09,NV,200
2018-09,2018,09,NY,3123
2018-09,2018,09,OH,1618
2018-09,2018,09,OK,1418
2018-09,2018,09,OR,3329
2018-09,2018,09,PA,1815
2018-09,2018,09,RI,323
2018-09,2018,09,SC,3555
2018-09,2018,09,SD,1
2018-09,2018,09,TN,2150
2018-09,2018,09,TX,6587
2018-09,2018,09,UT,735
2018-09,2018,09,VA,2224
2018-09,2018,09,VT,18
2018-09,2018,09,WA,1366
2018-09,2018,09,WI,348
2018-09,2018,09,WV,58
2018-09,2018,09,WY,8
2018-10,2018,10,AL,1727
2018-10,2018,10,AR,64
2018-10,2018,10,AZ,1925
2018-10,2018,10,CA,14486
2018-10,2018,10,CO,1323
2018-10,2018,10,CT,615
2018-10,2018,10,DC,68
2018-10,2018,10,DE,185
2018-10,2018,10,FL,6747
2018-10,2018,10,GA,2378
2018-10,2018,10,IA,196
2018-10,2018,10,ID,40
2018-10,2018,10,IL,2749
2018-10,2018,10,IN,1592
2018-10,2018,10,KS,236
2018-10,2018,10,KY,735
2018-10,2018,10,LA,1724
2018-10,2018,10,MA,973
2018-10,2018,10,MD,1099
2018-10,2018,10,ME,64
2018-10,2018,10,MI,2002
2018-10,2018,10,MN,1681
2018-10,2018,10,MO,818
2018-10,2018,10,MS,234
2018-10,2018,10,MT,12
2018-10,2018,10,NC,5394
2018-10,2018,10,NE,634
2018-10,2018,10,NH,201
2018-10,2018,10,NJ,1296
2018-10,2018,10,NM,195
2018-10,2018,10,NV,222
2018-10,2018,10,NY,4026
2018-10,2018,10,OH,2460
2018-10,2018,10,OK,1749
2018-10,2018,10,OR,2914
2018-10,2018,10,PA,2238
2018-10,2018,10,RI,319
2018-10,2018,10,SC,5004
2018-10,2018,10,SD,1
2018-10,2018,10,TN,2542
2018-10,2018,10,TX,7894
2018-10,2018,10,UT,886
2018-10,2018,10,VA,3416
2018-10,2018,10,VT,15
2018-10,2018,10,WA,1371
2018-10,2018,10,WI,442
2018-10,2018,10,WV,90
2018-10,2018,10,WY,11
2018-11,2018,11,AL,1719
2018-11,2018,11,AR,95
2018-11,2018,11,AZ,2253
2018-11,2018,11,CA,12475
2018-11,2018,11,CO,1531
2018-11,2018,11,CT,594
2018-11,2018,11,DC,53
2018-11,2018,11,DE,143
2018-11,2018,11,FL,5694
2018-11,2018,11,GA,2331
2018-11,2018,11,IA,227
2018-11,2018,11,ID,28
2018-11,2018,11,IL,2250
2018-11,2018,11,IN,539
2018-11,2018,11,KS,273
2018-11,2018,11,KY,673
2018-11,2018,11,LA,1556
2018-11,2018,11,MA,941
2018-11,2018,11,MD,1085
2018-11,2018,11,ME,77
2018-11,2018,11,MI,1928
2018-11,2018,11,MN,1877
2018-11,2018,11,MO,948
2018-11,2018,11,MS,237
2018-11,2018,11,MT,8
2018-11,2018,11,NC,4661
2018-11,2018,11,ND,1
2018-11,2018,11,NE,466
2018-11,2018,11,NH,322
2018-11,2018,11,NJ,1460
2018-11,2018,11,NM,217
2018-11,2018,11,NV,250
2018-11,2018,11,NY,4068
2018-11,2018,11,OH,2164
2018-11,2018,11,OK,1860
2018-11,2018,11,OR,3759
2018-11,2018,11,PA,2030
2018-11,2018,11,RI,322
2018-11,2018,11,SC,4256
2018-11,2018,11,SD,2
2018-11,2018,11,TN,2252
2018-11,2018,11,TX,7556
2018-11,2018,11,UT,1448
2018-11,2018,11,VA,2937
2018-11,2018,11,VT,27
2018-11,2018,11,WA,1474
2018-11,2018,11,WI,666
2018-11,2018,11,WV,105
2018-11,2018,11,WY,71
2018-12,2018,12,AL,1652
2018-12,2018,12,AR,80
2018-12,2018,12,AZ,1906
2018-12,2018,12,CA,7580
2018-12,2018,12,CO,1302
2018-12,2018,12,CT,509
2018-12,2018,12,DC,69
2018-12,2018,12,DE,165
2018-12,2018,12,FL,5296
2018-12,2018,12,GA,2201
2018-12,2018,12,IA,215
2018-12,2018,12,ID,29
2018-12,2018,12,IL,1503
2018-12,2018,12,IN,721
2018-12,2018,12,KS,155
2018-12,2018,12,KY,554
2018-12,2018,12,LA,1465
2018-12,2018,12,MA,701
2018-12,2018,12,MD,904
2018-12,2018,12,ME,50
2018-12,2018,12,MI,1456
2018-12,2018,12,MN,1896
2018-12,2018,12,MO,649
2018-12,2018,12,MS,247
2018-12,2018,12,MT,14
2018-12,2018,12,NC,4193
2018-12,2018,12,NE,504
2018-12,2018,12,NH,196
2018-12,2018,12,NJ,1188
2018-12,2018,12,NM,164
2018-12,2018,12,NV,257
2018-12,2018,12,NY,2977
2018-12,2018,12,OH,1553
2018-12,2018,12,OK,1569
2018-12,2018,12,OR,4131
2018-12,2018,12,PA,1619
2018-12,2018,12,RI,224
2018-12,2018,12,SC,4048
2018-12,2018,12,SD,3
2018-12,2018,12,TN,1759
2018-12,2018,12,TX,7010
2018-12,2018,12,UT,2569
2018-12,2018,12,VA,2592
2018-12,2018,12,VT,22
2018-12,2018,12,WA,1552
2018-12,2018,12,WI,464
2018-12,2018,12,WV,75
2018-12,2018,12,WY,16
2019-01,2019,01,AL,1593
2019-01,2019,01,AR,85
2019-01,2019,01,AZ,2074
2019-01,2019,01,CA,12403
2019-01,2019,01,CO,1750
2019-01,2019,01,CT,456
2019-01,2019,01,DC,102
2019-01,2019,01,DE,138
2019-01,2019,01,FL,5043
2019-01,2019,01,GA,2420
2019-01,2019,01,IA,365
2019-01,2019,01,ID,52
2019-01,2019,01,IL,2054
2019-01,2019,01,IN,759
2019-01,2019,01,KS,213
2019-01,2019,01,KY,535
2019-01,2019,01,LA,1532
2019-01,2019,01,MA,926
2019-01,2019,01,MD,1169
2019-01,2019,01,ME,40
2019-01,2019,01,MI,2471
2019-01,2019,01,MN,2359
2019-01,2019,01,MO,792
2019-01,2019,01,MS,215
2019-01,2019,01,MT,27
2019-01,2019,01,NC,4317
2019-01,2019,01,NE,502
2019-01,2019,01,NH,297
2019-01,2019,01,NJ,1098
2019-01,2019,01,NM,181
2019-01,2019,01,NV,290
2019-01,2019,01,NY,3510
2019-01,2019,01,OH,1537
2019-01,2019,01,OK,1982
2019-01,2019,01,OR,3608
2019-01,2019,01,PA,1950
2019-01,2019,01,RI,273
2019-01,2019,01,SC,4340
2019-01,2019,01,SD,2
2019-01,2019,01,TN,1792
2019-01,2019,01,TX,6751
2019-01,2019,01,UT,2326
2019-01,2019,01,VA,2500
2019-01,2019,01,VT,21
2019-01,2019,01,WA,1327
2019-01,2019,01,WI,836
2019-01,2019,01,WV,51
2019-01,2019,01,WY,33
2019-02,2019,02,AL,1529
2019-02,2019,02,AR,110
2019-02,2019,02,AZ,1713
2019-02,2019,02,CA,10739
2019-02,2019,02,CO,1300
2019-02,2019,02,CT,442
2019-02,2019,02,DC,135
2019-02,2019,02,DE,96
2019-02,2019,02,FL,4259
2019-02,2019,02,GA,2260
2019-02,2019,02,IA,313
2019-02,2019,02,ID,66
2019-02,2019,02,IL,1698
2019-02,2019,02,IN,646
2019-02,2019,02,KS,226
2019-02,2019,02,KY,480
2019-02,2019,02,LA,1460
2019-02,2019,02,MA,802
2019-02,2019,02,MD,1177
2019-02,2019,02,ME,54
2019-02,2019,02,MI,1765
2019-02,2019,02,MN,2640
2019-02,2019,02,MO,1012
2019-02,2019,02,MS,221
2019-02,2019,02,MT,43
2019-02,2019,02,NC,3939
2019-02,2019,02,ND,8
2019-02,2019,02,NE,554
2019-02,2019,02,NH,253
2019-02,2019,02,NJ,1179
2019-02,2019,02,NM,159
2019-02,2019,02,NV,365
2019-02,2019,02,NY,3796
2019-02,2019,02,OH,983
2019-02,2019,02,OK,1670
2019-02,2019,02,OR,5906
2019-02,2019,02,PA,1864
2019-02,2019,02,RI,273
2019-02,2019,02,SC,3617
2019-02,2019,02,SD,2
2019-02,2019,02,TN,1865
2019-02,2019,02,TX,6033
2019-02,2019,02,UT,2167
2019-02,2019,02,VA,2283
2019-02,2019,02,VT,20
2019-02,2019,02,WA,1310
2019-02,2019,02,WI,843
2019-02,2019,02,WV,72
2019-02,2019,02,WY,20
2019-03,2019,03,AL,1806
2019-03,2019,03,AR,65
2019-03,2019,03,AZ,1824
2019-03,2019,03,CA,11657
2019-03,2019,03,CO,1330
2019-03,2019,03,CT,461
2019-03,2019,03,DC,152
2019-03,2019,03,DE,77
2019-03,2019,03,FL,4720
2019-03,2019,03,GA,2038
2019-03,2019,03,IA,155
2019-03,2019,03,ID,28
2019-03,2019,03,IL,1518
2019-03,2019,03,IN,485
2019-03,2019,03,KS,156
2019-03,2019,03,KY,459
2019-03,2019,03,LA,1649
2019-03,2019,03,MA,700
2019-03,2019,03,MD,1067
2019-03,2019,03,ME,57
2019-03,2019,03,MI,1470
2019-03,2019,03,MN,1791
2019-03,2019,03,MO,791
2019-03,2019,03,MS,175
2019-03,2019,03,MT,17
2019-03,2019,03,NC,4187
2019-03,2019,03,ND,3
2019-03,2019,03,NE,409
2019-03,2019,03,NH,196
2019-03,2019,03,NJ,1132
2019-03,2019,03,NM,145
2019-03,2019,03,NV,213
2019-03,2019,03,NY,3354
2019-03,2019,03,OH,947
2019-03,2019,03,OK,1716
2019-03,2019,03,OR,3203
2019-03,2019,03,PA,1705
2019-03,2019,03,RI,243
2019-03,2019,03,SC,4109
2019-03,2019,03,SD,7
2019-03,2019,03,TN,1650
2019-03,2019,03,TX,5492
2019-03,2019,03,UT,1918
2019-03,2019,03,VA,2199
2019-03,2019,03,VT,17
2019-03,2019,03,WA,1160
2019-03,2019,03,WI,509
2019-03,2019,03,WV,27
2019-03,2019,03,WY,5
2019-04,2019,04,AL,1754
2019-04,2019,04,AR,107
2019-04,2019,04,AZ,1881
2019-04,2019,04,CA,11352
2019-04,2019,04,CO,1489
2019-04,2019,04,CT,416
2019-04,2019,04,DC,156
2019-04,2019,04,DE,144
2019-04,2019,04,FL,5245
2019-04,2019,04,GA,2196
2019-04,2019,04,IA,163
2019-04,2019,04,ID,25
2019-04,2019,04,IL,1665
2019-04,2019,04,IN,547
2019-04,2019,04,KS,159
2019-04,2019,04,KY,461
2019-04,2019,04,LA,1652
2019-04,2019,04,MA,727
2019-04,2019,04,MD,866
2019-04,2019,04,ME,40
2019-04,2019,04,MI,1531
2019-04,2019,04,MN,1509
2019-04,2019,04,MO,959
2019-04,2019,04,MS,176
2019-04,2019,04,MT,11
2019-04,2019,04,NC,4800
2019-04,2019,04,NE,362
2019-04,2019,04,NH,186
2019-04,2019,04,NJ,1005
2019-04,2019,04,NM,153
2019-04,2019,04,NV,159
2019-04,2019,04,NY,3776
2019-04,2019,04,OH,1061
2019-04,2019,04,OK,2192
2019-04,2019,04,OR,2501
2019-04,2019,04,PA,1529
2019-04,2019,04,RI,238
2019-04,2019,04,SC,4801
2019-04,2019,04,SD,3
2019-04,2019,04,TN,2377
2019-04,2019,04,TX,6723
2019-04,2019,04,UT,1774
2019-04,2019,04,VA,2299
2019-04,2019,04,VT,8
2019-04,2019,04,WA,1155
2019-04,2019,04,WI,448
2019-04,2019,04,WV,50
2019-04,2019,04,WY,7
2019-05,2019,05,AL,1628
2019-05,2019,05,AR,113
2019-05,2019,05,AZ,1960
2019-05,2019,05,CA,12438
2019-05,2019,05,CO,1651
2019-05,2019,05,CT,458
2019-05,2019,05,DC,157
2019-05,2019,05,DE,125
2019-05,2019,05,FL,5062
2019-05,2019,05,GA,2352
2019-05,2019,05,IA,190
2019-05,2019,05,ID,44
2019-05,2019,05,IL,1777
2019-05,2019,05,IN,665
2019-05,2019,05,KS,162
2019-05,2019,05,KY,572
2019-05,2019,05,LA,1654
2019-05,2019,05,MA,778
2019-05,2019,05,MD,1012
2019-05,2019,05,ME,48
2019-05,2019,05,MI,1847
2019-05,2019,05,MN,1362
2019-05,2019,05,MO,859
2019-05,2019,05,MS,149
2019-05,2019,05,MT,5
2019-05,2019,05,NC,3777
2019-05,2019,05,ND,2
2019-05,2019,05,NE,426
2019-05,2019,05,NH,126
2019-05,2019,05,NJ,1268
2019-05,2019,05,NM,118
2019-05,2019,05,NV,230
2019-05,2019,05,NY,4262
2019-05,2019,05,OH,942
2019-05,2019,05,OK,2066
2019-05,2019,05,OR,2040
2019-05,2019,05,PA,1600
2019-05,2019,05,RI,243
2019-05,2019,05,SC,4940
2019-05,2019,05,SD,5
2019-05,2019,05,TN,1838
2019-05,2019,05,TX,6533
2019-05,2019,05,UT,2065
2019-05,2019,05,VA,2314
2019-05,2019,05,VT,5
2019-05,2019,05,WA,1232
2019-05,2019,05,WI,543
2019-05,2019,05,WV,51
2019-05,2019,05,WY,8
2019-06,2019,06,AL,1586
2019-06,2019,06,AR,104
2019-06,2019,06,AZ,1849
2019-06,2019,06,CA,10040
2019-06,2019,06,CO,1427
2019-06,2019,06,CT,462
2019-06,2019,06,DC,149
2019-06,2019,06,DE,138
2019-06,2019,06,FL,5067
2019-06,2019,06,GA,2026
2019-06,2019,06,IA,164
2019-06,2019,06,ID,39
2019-06,2019,06,IL,1536
2019-06,2019,06,IN,566
2019-06,2019,06,KS,156
2019-06,2019,06,KY,581
2019-06,2019,06,LA,1487
2019-06,2019,06,MA,644
2019-06,2019,06,MD,990
2019-06,2019,06,ME,61
2019-06,2019,06,MI,1683
2019-06,2019,06,MN,1362
2019-06,2019,06,MO,710
2019-06,2019,06,MS,128
2019-06,2019,06,MT,6
2019-06,2019,06,NC,2827
2019-06,2019,06,NE,389
2019-06,2019,06,NH,143
2019-06,2019,06,NJ,1217
2019-06,2019,06,NM,171
2019-06,2019,06,NV,224
2019-06,2019,06,NY,3914
2019-06,2019,06,OH,772
2019-06,2019,06,OK,1705
2019-06,2019,06,OR,2316
2019-06,2019,06,PA,1512
2019-06,2019,06,RI,224
2019-06,2019,06,SC,4412
2019-06,2019,06,SD,2
2019-06,2019,06,TN,1613
2019-06,2019,06,TX,5763
2019-06,2019,06,UT,1873
2019-06,2019,06,VA,1746
2019-06,2019,06,VT,7
2019-06,2019,06,WA,1053
2019-06,2019,06,WI,450
2019-06,2019,06,WV,38
2019-06,2019,06,WY,3
2019-07,2019,07,AL,1502
2019-07,2019,07,AR,79
2019-07,2019,07,AZ,2214
2019-07,2019,07,CA,9291
2019-07,2019,07,CO,1448
2019-07,2019,07,CT,427
2019-07,2019,07,DC,147
2019-07,2019,07,DE,150
2019-07,2019,07,FL,5159
2019-07,2019,07,GA,1648
2019-07,2019,07,IA,203
2019-07,2019,07,ID,56
2019-07,2019,07,IL,1362
2019-07,2019,07,IN,723
2019-07,2019,07,KS,172
2019-07,2019,07,KY,549
2019-07,2019,07,LA,1535
2019-07,2019,07,MA,727
2019-07,2019,07,MD,1102
2019-07,2019,07,ME,79
2019-07,2019,07,MI,1732
2019-07,2019,07,MN,1347
2019-07,2019,07,MO,680
2019-07,2019,07,MS,131
2019-07,2019,07,MT,9
2019-07,2019,07,NC,3505
2019-07,2019,07,ND,2
2019-07,2019,07,NE,406
2019-07,2019,07,NH,175
2019-07,2019,07,NJ,1143
2019-07,2019,07,NM,112
2019-07,2019,07,NV,261
2019-07,2019,07,NY,3615
2019-07,2019,07,OH,941
2019-07,2019,07,OK,1805
2019-07,2019,07,OR,3417
2019-07,2019,07,PA,1473
2019-07,2019,07,RI,275
2019-07,2019,07,SC,4732
2019-07,2019,07,SD,2
2019-07,2019,07,TN,1485
2019-07,2019,07,TX,6397
2019-07,2019,07,UT,1835
2019-07,2019,07,VA,2049
2019-07,2019,07,VT,27
2019-07,2019,07,WA,1358
2019-07,2019,07,WI,454
2019-07,2019,07,WV,58
2019-07,2019,07,WY,5
2019-08,2019,08,AL,1361
2019-08,2019,08,AR,50
2019-08,2019,08,AZ,2599
2019-08,2019,08,CA,13710
2019-08,2019,08,CO,1559
2019-08,2019,08,CT,418
2019-08,2019,08,DC,105
2019-08,2019,08,DE,130
2019-08,2019,08,FL,5278
2019-08,2019,08,GA,1914
2019-08,2019,08,IA,229
2019-08,2019,08,ID,50
2019-08,2019,08,IL,1422
2019-08,2019,08,IN,816
2019-08,2019,08,KS,148
2019-08,2019,08,KY,562
2019-08,2019,08,LA,1844
2019-08,2019,08,MA,674
2019-08,2019,08,MD,1026
2019-08,2019,08,ME,64
2019-08,2019,08,MI,1479
2019-08,2019,08,MN,1498
2019-08,2019,08,MO,628
2019-08,2019,08,MS,146
2019-08,2019,08,MT,5
2019-08,2019,08,NC,4016
2019-08,2019,08,NE,286
2019-08,2019,08,NH,125
2019-08,2019,08,NJ,1109
2019-08,2019,08,NM,107
2019-08,2019,08,NV,301
2019-08,2019,08,NY,3326
2019-08,2019,08,OH,1046
2019-08,2019,08,OK,1967
2019-08,2019,08,OR,3836
2019-08,2019,08,PA,1295
2019-08,2019,08,RI,226
2019-08,2019,08,SC,4841
2019-08,2019,08,TN,1623
2019-08,2019,08,TX,7290
2019-08,2019,08,UT,2320
2019-08,2019,08,VA,1891
2019-08,2019,08,VT,19
2019-08,2019,08,WA,1169
2019-08,2019,08,WI,516
2019-08,2019,08,WV,28
2019-08,2019,08,WY,4
2019-09,2019,09,AL,1456
2019-09,2019,09,AR,65
2019-09,2019,09,AZ,2373
2019-09,2019,09,CA,31511
2019-09,2019,09,CO,1148
2019-09,2019,09,CT,428
2019-09,2019,09,DC,101
2019-09,2019,09,DE,104
2019-09,2019,09,FL,4559
2019-09,2019,09,GA,1398
2019-09,2019,09,IA,217
2019-09,2019,09,ID,39
2019-09,2019,09,IL,1266
2019-09,2019,09,IN,682
2019-09,2019,09,KS,155
2019-09,2019,09,KY,636
2019-09,2019,09,LA,1976
2019-09,2019,09,MA,769
2019-09,2019,09,MD,826
2019-09,2019,09,ME,49
2019-09,2019,09,MI,1426
2019-09,2019,09,MN,1434
2019-09,2019,09,MO,561
2019-09,2019,09,MS,121
2019-09,2019,09,MT,7
2019-09,2019,09,NC,2893
2019-09,2019,09,NE,251
2019-09,2019,09,NH,117
2019-09,2019,09,NJ,964
2019-09,2019,09,NM,91
2019-09,2019,09,NV,256
2019-09,2019,09,NY,3282
2019-09,2019,09,OH,1035
2019-09,2019,09,OK,1392
2019-09,2019,09,OR,3496
2019-09,2019,09,PA,1431
2019-09,2019,09,RI,250
2019-09,2019,09,SC,4979
2019-09,2019,09,SD,4
2019-09,2019,09,TN,1561
2019-09,2019,09,TX,6733
2019-09,2019,09,UT,1809
2019-09,2019,09,VA,1656
2019-09,2019,09,VT,30
2019-09,2019,09,WA,1270
2019-09,2019,09,WI,638
2019-09,2019,09,WV,33
2019-09,2019,09,WY,7
2019-10,2019,10,AL,1954
2019-10,2019,10,AR,96
2019-10,2019,10,AZ,2322
2019-10,2019,10,CA,35303
2019-10,2019,10,CO,1680
2019-10,2019,10,CT,550
2019-10,2019,10,DC,111
2019-10,2019,10,DE,153
2019-10,2019,10,FL,5774
2019-10,2019,10,GA,2059
2019-10,2019,10,IA,295
2019-10,2019,10,ID,64
2019-10,2019,10,IL,1869
2019-10,2019,10,IN,682
2019-10,2019,10,KS,165
2019-10,2019,10,KY,807
2019-10,2019,10,LA,1550
2019-10,2019,10,MA,927
2019-10,2019,10,MD,1155
2019-10,2019,10,ME,57
2019-10,2019,10,MI,1889
2019-10,2019,10,MN,4359
2019-10,2019,10,MO,802
2019-10,2019,10,MS,197
2019-10,2019,10,MT,15
2019-10,2019,10,NC,4799
2019-10,2019,10,ND,2
2019-10,2019,10,NE,380
2019-10,2019,10,NH,178
2019-10,2019,10,NJ,1096
2019-10,2019,10,NM,122
2019-10,2019,10,NV,247
2019-10,2019,10,NY,3643
2019-10,2019,10,OH,1366
2019-10,2019,10,OK,1391
2019-10,2019,10,OR,3525
2019-10,2019,10,PA,2089
2019-10,2019,10,RI,264
2019-10,2019,10,SC,6132
2019-10,2019,10,TN,1814
2019-10,2019,10,TX,8135
2019-10,2019,10,UT,2264
2019-10,2019,10,VA,2091
2019-10,2019,10,VT,21
2019-10,2019,10,WA,1400
2019-10,2019,10,WI,701
2019-10,2019,10,WV,43
2019-10,2019,10,WY,7
2019-11,2019,11,AL,1578
2019-11,2019,11,AR,53
2019-11,2019,11,AZ,1975
2019-11,2019,11,CA,19819
2019-11,2019,11,CO,1549
2019-11,2019,11,CT,464
2019-11,2019,11,DC,57
2019-11,2019,11,DE,200
2019-11,2019,11,FL,5198
2019-11,2019,11,GA,1562
2019-11,2019,11,IA,284
2019-11,2019,11,ID,33
2019-11,2019,11,IL,1905
2019-11,2019,11,IN,528
2019-11,2019,11,KS,144
2019-11,2019,11,KY,689
2019-11,2019,11,LA,1396
2019-11,2019,11,MA,787
2019-11,2019,11,MD,862
2019-11,2019,11,ME,32
2019-11,2019,11,MI,1720
2019-11,2019,11,MN,3544
2019-11,2019,11,MO,640
2019-11,2019,11,MS,158
2019-11,2019,11,MT,10
2019-11,2019,11,NC,3863
2019-11,2019,11,NE,326
2019-11,2019,11,NH,144
2019-11,2019,11,NJ,792
2019-11,2019,11,NM,129
2019-11,2019,11,NV,213
2019-11,2019,11,NY,3320
2019-11,2019,11,OH,1303
2019-11,2019,11,OK,1388
2019-11,2019,11,OR,3151
2019-11,2019,11,PA,1743
2019-11,2019,11,RI,242
2019-11,2019,11,SC,5852
2019-11,2019,11,TN,1895
2019-11,2019,11,TX,6769
2019-11,2019,11,UT,1858
2019-11,2019,11,VA,1856
2019-11,2019,11,VT,25
2019-11,2019,11,WA,1111
2019-11,2019,11,WI,502
2019-11,2019,11,WV,11
2019-11,2019,11,WY,5
2019-12,2019,12,AL,1488
2019-12,2019,12,AR,60
2019-12,2019,12,AZ,1744
2019-12,2019,12,CA,34944
2019-12,2019,12,CO,1255
2019-12,2019,12,CT,472
2019-12,2019,12,DC,112
2019-12,2019,12,DE,165
2019-12,2019,12,FL,4860
2019-12,2019,12,GA,1838
2019-12,2019,12,IA,265
2019-12,2019,12,ID,56
2019-12,2019,12,IL,1887
2019-12,2019,12,IN,667
2019-12,2019,12,KS,138
2019-12,2019,12,KY,501
2019-12,2019,12,LA,1238
2019-12,2019,12,MA,886
2019-12,2019,12,MD,1104
2019-12,2019,12,ME,54
2019-12,2019,12,MI,1336
2019-12,2019,12,MN,6306
2019-12,2019,12,MO,690
2019-12,2019,12,MS,166
2019-12,2019,12,MT,2
2019-12,2019,12,NC,3063
2019-12,2019,12,NE,350
2019-12,2019,12,NH,274
2019-12,2019,12,NJ,1002
2019-12,2019,12,NM,128
2019-12,2019,12,NV,243
2019-12,2019,12,NY,3133
2019-12,2019,12,OH,1297
2019-12,2019,12,OK,1206
2019-12,2019,12,OR,3606
2019-12,2019,12,PA,1903
2019-12,2019,12,RI,222
2019-12,2019,12,SC,5725
2019-12,2019,12,TN,1618
2019-12,2019,12,TX,6070
2019-12,2019,12,UT,2256
2019-12,2019,12,VA,2061
2019-12,2019,12,VT,25
2019-12,2019,12,WA,1133
2019-12,2019,12,WI,446
2019-12,2019,12,WV,11
2019-12,2019,12,WY,8
